取得日時,対象日,漁港名,天気,平均降水確率,おすすめ時間の降水確率,風速,おすすめ時間帯,おすすめ理由,ランク,都道府県,市
2026-09-27 04:45:07,2026-09-27,中津港,小雨,91.5%,100%,5.0m/s,2026-09-27 05:00:00 ～ 2026-09-27 07:00:00,朝まずめ・雨が降ります・風強め,E,大分県,中津市
2026-09-27 04:45:07,2026-09-28,中津港,小雨,85.1%,78%,2.0m/s,2026-09-28 20:00:00 ～ 2026-09-28 22:00:00,夜釣り向き・雨が降ります・風がかなり弱い,E,大分県,中津市
2026-09-27 04:45:07,2026-09-27,別府国際観光港,曇,92.5%,90%,1.8m/s,2026-09-27 18:00:00 ～ 2026-09-27 20:00:00,夜釣り向き・雨が降ります・風がかなり弱い,E,大分県,別府市
2026-09-27 04:45:07,2026-09-28,別府国際観光港,曇,84.2%,86%,0.7m/s,2026-09-28 05:00:00 ～ 2026-09-28 07:00:00,朝まずめ・雨が降ります・風がかなり弱い,E,大分県,別府市
2026-09-27 04:45:08,2026-09-27,大分港,雨,92.5%,73%,1.5m/s,2026-09-26 23:00:00 ～ 2026-09-27 01:00:00,雨が降ります・風がかなり弱い,E,大分県,大分市
2026-09-27 04:45:08,2026-09-28,大分港,曇,84.2%,77%,2.3m/s,2026-09-28 04:00:00 ～ 2026-09-28 06:00:00,朝まずめ・雨が降ります・風は普通,E,大分県,大分市
2026-09-27 04:45:08,2026-09-27,佐賀関港,雨,90.6%,100%,2.6m/s,2026-09-27 02:00:00 ～ 2026-09-27 04:00:00,雨が降ります・風は普通,E,大分県,大分市
2026-09-27 04:45:08,2026-09-28,佐賀関港,小雨,81.1%,95%,1.1m/s,2026-09-28 18:00:00 ～ 2026-09-28 20:00:00,夜釣り向き・雨が降ります・風がかなり弱い,E,大分県,大分市
2026-09-27 04:45:09,2026-09-27,臼杵港,小雨,74.1%,80%,1.9m/s,2026-09-27 05:00:00 ～ 2026-09-27 07:00:00,朝まずめ・雨が降ります・風がかなり弱い,E,大分県,臼杵市
2026-09-27 04:45:09,2026-09-28,臼杵港,曇,74.0%,90%,1.6m/s,2026-09-28 18:00:00 ～ 2026-09-28 20:00:00,夜釣り向き・雨が降ります・風がかなり弱い,E,大分県,臼杵市
2026-09-27 04:45:09,2026-09-27,亀川港,小雨,92.5%,90%,2.6m/s,2026-09-27 18:00:00 ～ 2026-09-27 20:00:00,夜釣り向き・雨が降ります・風は普通,E,大分県,別府市
2026-09-27 04:45:09,2026-09-28,亀川港,曇,84.2%,57%,1.4m/s,2026-09-28 01:00:00 ～ 2026-09-28 03:00:00,雨が降ります・風がかなり弱い,E,大分県,別府市
